Metric,Random Forest,XGBoost,Logistic Regression
Training Accuracy,0.9907407407407407,0.9907407407407407,0.5949074074074074
Testing Accuracy,0.6442307692307693,0.6730769230769231,0.5384615384615384
Precision,0.660377358490566,0.6923076923076923,0.5535714285714286
Recall,0.6481481481481481,0.6666666666666666,0.5740740740740741
F1-Score,0.6542056074766355,0.6792452830188679,0.5636363636363636
ROC-AUC,0.72,0.7203703703703703,0.5681481481481482
